Automobile,Likely Repurchase
Chevrolet Impala,Yes
Chevrolet Impala,Yes
Chevrolet Impala,No
Chevrolet Impala,Yes
Chevrolet Impala,Yes
Chevrolet Impala,Yes
Chevrolet Impala,Yes
Chevrolet Impala,Yes
Chevrolet Impala,No
Chevrolet Impala,Yes
Chevrolet Impala,Yes
Chevrolet Impala,No
Chevrolet Impala,Yes
Chevrolet Impala,No
Chevrolet Impala,No
Chevrolet Impala,No
Chevrolet Impala,No
Chevrolet Impala,Yes
Chevrolet Impala,No
Chevrolet Impala,Yes
Chevrolet Impala,Yes
Chevrolet Impala,No
Chevrolet Impala,No
Chevrolet Impala,Yes
Chevrolet Impala,Yes
Chevrolet Impala,Yes
Chevrolet Impala,No
Chevrolet Impala,Yes
Chevrolet Impala,No
Chevrolet Impala,No
Chevrolet Impala,No
Chevrolet Impala,Yes
Chevrolet Impala,Yes
Chevrolet Impala,No
Chevrolet Impala,Yes
Chevrolet Impala,Yes
Chevrolet Impala,No
Chevrolet Impala,No
Chevrolet Impala,Yes
Chevrolet Impala,No
Chevrolet Impala,Yes
Chevrolet Impala,Yes
Chevrolet Impala,Yes
Chevrolet Impala,No
Chevrolet Impala,Yes
Chevrolet Impala,Yes
Chevrolet Impala,No
Chevrolet Impala,Yes
Chevrolet Impala,No
Chevrolet Impala,No
Chevrolet Impala,Yes
Chevrolet Impala,Yes
Chevrolet Impala,Yes
Chevrolet Impala,No
Chevrolet Impala,Yes
Chevrolet Impala,Yes
Chevrolet Impala,No
Chevrolet Impala,No
Chevrolet Impala,Yes
Chevrolet Impala,Yes
Chevrolet Impala,Yes
Chevrolet Impala,No
Chevrolet Impala,No
Chevrolet Impala,Yes
Chevrolet Impala,Yes
Chevrolet Impala,Yes
Chevrolet Impala,Yes
Chevrolet Impala,Yes
Chevrolet Impala,Yes
Chevrolet Impala,Yes
Chevrolet Impala,No
Chevrolet Impala,No
Chevrolet Impala,No
Chevrolet Impala,Yes
Chevrolet Impala,No
Chevrolet Impala,Yes
Chevrolet Impala,Yes
Chevrolet Impala,Yes
Chevrolet Impala,No
Chevrolet Impala,Yes
Chevrolet Impala,No
Chevrolet Impala,No
Chevrolet Impala,No
Chevrolet Impala,No
Chevrolet Impala,Yes
Chevrolet Impala,Yes
Chevrolet Impala,Yes
Chevrolet Impala,Yes
Chevrolet Impala,Yes
Chevrolet Impala,No
Chevrolet Impala,No
Chevrolet Impala,No
Chevrolet Impala,No
Chevrolet Impala,Yes
Chevrolet Impala,No
Chevrolet Impala,No
Chevrolet Impala,Yes
Chevrolet Impala,Yes
Chevrolet Impala,Yes
Chevrolet Impala,No
Chevrolet Impala,No
Chevrolet Impala,No
Chevrolet Impala,No
Chevrolet Impala,No
Chevrolet Impala,Yes
Chevrolet Impala,No
Chevrolet Impala,Yes
Chevrolet Impala,Yes
Chevrolet Impala,Yes
Chevrolet Impala,No
Chevrolet Impala,Yes
Chevrolet Impala,Yes
Chevrolet Impala,Yes
Chevrolet Impala,Yes
Chevrolet Impala,No
Chevrolet Impala,Yes
Chevrolet Impala,Yes
Chevrolet Impala,No
Chevrolet Impala,Yes
Chevrolet Impala,No
Chevrolet Impala,No
Chevrolet Impala,Yes
Chevrolet Impala,No
Chevrolet Impala,No
Chevrolet Impala,No
Ford Fusion,Yes
Ford Fusion,No
Ford Fusion,No
Ford Fusion,Yes
Ford Fusion,No
Ford Fusion,No
Ford Fusion,No
Ford Fusion,Yes
Ford Fusion,No
Ford Fusion,Yes
Ford Fusion,Yes
Ford Fusion,Yes
Ford Fusion,No
Ford Fusion,Yes
Ford Fusion,Yes
Ford Fusion,No
Ford Fusion,Yes
Ford Fusion,Yes
Ford Fusion,Yes
Ford Fusion,Yes
Ford Fusion,Yes
Ford Fusion,Yes
Ford Fusion,Yes
Ford Fusion,Yes
Ford Fusion,Yes
Ford Fusion,No
Ford Fusion,No
Ford Fusion,No
Ford Fusion,Yes
Ford Fusion,No
Ford Fusion,No
Ford Fusion,No
Ford Fusion,Yes
Ford Fusion,Yes
Ford Fusion,No
Ford Fusion,Yes
Ford Fusion,No
Ford Fusion,No
Ford Fusion,Yes
Ford Fusion,No
Ford Fusion,Yes
Ford Fusion,No
Ford Fusion,Yes
Ford Fusion,Yes
Ford Fusion,No
Ford Fusion,Yes
Ford Fusion,Yes
Ford Fusion,Yes
Ford Fusion,Yes
Ford Fusion,Yes
Ford Fusion,No
Ford Fusion,Yes
Ford Fusion,Yes
Ford Fusion,Yes
Ford Fusion,Yes
Ford Fusion,No
Ford Fusion,No
Ford Fusion,No
Ford Fusion,No
Ford Fusion,No
Ford Fusion,No
Ford Fusion,Yes
Ford Fusion,No
Ford Fusion,Yes
Ford Fusion,Yes
Ford Fusion,Yes
Ford Fusion,Yes
Ford Fusion,Yes
Ford Fusion,No
Ford Fusion,No
Ford Fusion,No
Ford Fusion,Yes
Ford Fusion,No
Ford Fusion,Yes
Ford Fusion,Yes
Ford Fusion,No
Ford Fusion,Yes
Ford Fusion,No
Ford Fusion,No
Ford Fusion,Yes
Ford Fusion,Yes
Ford Fusion,No
Ford Fusion,Yes
Ford Fusion,Yes
Ford Fusion,Yes
Ford Fusion,Yes
Ford Fusion,Yes
Ford Fusion,Yes
Ford Fusion,No
Ford Fusion,Yes
Ford Fusion,Yes
Ford Fusion,No
Ford Fusion,Yes
Ford Fusion,No
Ford Fusion,Yes
Ford Fusion,Yes
Ford Fusion,Yes
Ford Fusion,No
Ford Fusion,Yes
Ford Fusion,Yes
Ford Fusion,No
Ford Fusion,No
Ford Fusion,No
Ford Fusion,Yes
Ford Fusion,Yes
Ford Fusion,Yes
Ford Fusion,Yes
Ford Fusion,No
Ford Fusion,Yes
Ford Fusion,No
Ford Fusion,Yes
Ford Fusion,Yes
Ford Fusion,Yes
Ford Fusion,No
Ford Fusion,Yes
Ford Fusion,No
Ford Fusion,No
Ford Fusion,Yes
Ford Fusion,Yes
Ford Fusion,Yes
Ford Fusion,Yes
Ford Fusion,Yes
Ford Fusion,No
Ford Fusion,Yes
Ford Fusion,No
Ford Fusion,No
Ford Fusion,No
Ford Fusion,Yes
Ford Fusion,Yes
Ford Fusion,Yes
Ford Fusion,Yes
Ford Fusion,No
Ford Fusion,No
Ford Fusion,No
Ford Fusion,Yes
Ford Fusion,Yes
Ford Fusion,Yes
Ford Fusion,Yes
Ford Fusion,Yes
Ford Fusion,No
Ford Fusion,No
Ford Fusion,Yes
Ford Fusion,No
Ford Fusion,Yes
Ford Fusion,No
Ford Fusion,Yes
Ford Fusion,No
Ford Fusion,No
Ford Fusion,Yes
Ford Fusion,Yes
Ford Fusion,Yes
Ford Fusion,No
Ford Fusion,Yes
Ford Fusion,No
Ford Fusion,Yes
Ford Fusion,Yes
Ford Fusion,Yes
Ford Fusion,Yes
Ford Fusion,No
Ford Fusion,No
Ford Fusion,Yes
Ford Fusion,Yes
Ford Fusion,Yes
Ford Fusion,Yes
Ford Fusion,No
Ford Fusion,No
Ford Fusion,Yes
Ford Fusion,No
Ford Fusion,No
Ford Fusion,Yes
Ford Fusion,Yes
Ford Fusion,Yes
Ford Fusion,Yes
Ford Fusion,No
Ford Fusion,Yes
Ford Fusion,No
Ford Fusion,Yes
Ford Fusion,Yes
Ford Fusion,Yes
Ford Fusion,Yes
Ford Fusion,Yes
Ford Fusion,Yes
Ford Fusion,Yes
Ford Fusion,No
Ford Fusion,No
Ford Fusion,Yes
Ford Fusion,Yes
Ford Fusion,No
Ford Fusion,Yes
Ford Fusion,No
Ford Fusion,Yes
Ford Fusion,No
Ford Fusion,No
Ford Fusion,No
Ford Fusion,No
Ford Fusion,Yes
Ford Fusion,Yes
Ford Fusion,No
Ford Fusion,Yes
Ford Fusion,Yes
Honda Accord,Yes
Honda Accord,Yes
Honda Accord,Yes
Honda Accord,Yes
Honda Accord,No
Honda Accord,Yes
Honda Accord,Yes
Honda Accord,Yes
Honda Accord,Yes
Honda Accord,Yes
Honda Accord,Yes
Honda Accord,Yes
Honda Accord,Yes
Honda Accord,No
Honda Accord,Yes
Honda Accord,Yes
Honda Accord,Yes
Honda Accord,Yes
Honda Accord,Yes
Honda Accord,Yes
Honda Accord,No
Honda Accord,Yes
Honda Accord,No
Honda Accord,Yes
Honda Accord,Yes
Honda Accord,Yes
Honda Accord,Yes
Honda Accord,Yes
Honda Accord,Yes
Honda Accord,No
Honda Accord,Yes
Honda Accord,Yes
Honda Accord,Yes
Honda Accord,No
Honda Accord,Yes
Honda Accord,No
Honda Accord,Yes
Honda Accord,Yes
Honda Accord,No
Honda Accord,Yes
Honda Accord,Yes
Honda Accord,Yes
Honda Accord,Yes
Honda Accord,Yes
Honda Accord,No
Honda Accord,No
Honda Accord,Yes
Honda Accord,Yes
Honda Accord,Yes
Honda Accord,Yes
Honda Accord,No
Honda Accord,No
Honda Accord,No
Honda Accord,No
Honda Accord,No
Honda Accord,Yes
Honda Accord,No
Honda Accord,No
Honda Accord,Yes
Honda Accord,No
Honda Accord,Yes
Honda Accord,No
Honda Accord,Yes
Honda Accord,Yes
Honda Accord,Yes
Honda Accord,Yes
Honda Accord,Yes
Honda Accord,Yes
Honda Accord,No
Honda Accord,Yes
Honda Accord,Yes
Honda Accord,Yes
Honda Accord,No
Honda Accord,No
Honda Accord,No
Honda Accord,Yes
Honda Accord,Yes
Honda Accord,Yes
Honda Accord,Yes
Honda Accord,Yes
Honda Accord,No
Honda Accord,Yes
Honda Accord,No
Honda Accord,No
Honda Accord,No
Honda Accord,Yes
Honda Accord,No
Honda Accord,Yes
Honda Accord,Yes
Honda Accord,Yes
Honda Accord,Yes
Honda Accord,No
Honda Accord,Yes
Honda Accord,Yes
Honda Accord,Yes
Honda Accord,Yes
Honda Accord,Yes
Honda Accord,No
Honda Accord,Yes
Honda Accord,Yes
Honda Accord,Yes
Honda Accord,Yes
Honda Accord,Yes
Honda Accord,Yes
Honda Accord,No
Honda Accord,Yes
Honda Accord,Yes
Honda Accord,Yes
Honda Accord,Yes
Honda Accord,Yes
Honda Accord,Yes
Honda Accord,No
Honda Accord,Yes
Honda Accord,Yes
Honda Accord,Yes
Honda Accord,Yes
Honda Accord,Yes
Honda Accord,Yes
Honda Accord,Yes
Honda Accord,Yes
Honda Accord,Yes
Honda Accord,Yes
Honda Accord,Yes
Honda Accord,Yes
Honda Accord,Yes
Honda Accord,Yes
Honda Accord,No
Honda Accord,Yes
Honda Accord,Yes
Honda Accord,Yes
Honda Accord,Yes
Honda Accord,Yes
Honda Accord,Yes
Honda Accord,Yes
Honda Accord,Yes
Honda Accord,No
Honda Accord,No
Honda Accord,No
Honda Accord,Yes
Honda Accord,Yes
Honda Accord,Yes
Honda Accord,Yes
Honda Accord,Yes
Honda Accord,Yes
Honda Accord,No
Honda Accord,Yes
Honda Accord,Yes
Honda Accord,Yes
Honda Accord,Yes
Honda Accord,Yes
Honda Accord,Yes
Honda Accord,Yes
Honda Accord,Yes
Honda Accord,No
Honda Accord,No
Honda Accord,Yes
Honda Accord,Yes
Honda Accord,No
Honda Accord,Yes
Honda Accord,No
Honda Accord,No
Honda Accord,No
Honda Accord,No
Honda Accord,No
Honda Accord,Yes
Honda Accord,No
Honda Accord,No
Honda Accord,Yes
Honda Accord,No
Honda Accord,No
Honda Accord,Yes
Honda Accord,No
Honda Accord,Yes
Honda Accord,No
Honda Accord,No
